{
  "//": "This file was generated by the `vercel build` command. It is not part of the Build Output API.",
  "target": "preview",
  "argv": [
    "C:\\Program Files\\nodejs\\node.exe",
    "C:\\Users\\ADMIN\\AppData\\Roaming\\npm\\node_modules\\vercel\\dist\\index.js",
    "build"
  ],
  "builds": [
    {
      "require": "@vercel/static-build",
      "requirePath": "C:\\Users\\ADMIN\\AppData\\Roaming\\npm\\node_modules\\vercel\\node_modules\\@vercel\\static-build\\dist\\index",
      "apiVersion": 2,
      "src": "package.json",
      "use": "@vercel/static-build",
      "config": {
        "zeroConfig": true,
        "framework": "create-react-app"
      },
      "error": {
        "name": "Error",
        "stack": "Error: No Output Directory named \"build\" found after the Build completed. You can configure the Output Directory in your Project Settings.\n    at validateDistDir (C:\\Users\\ADMIN\\AppData\\Roaming\\npm\\node_modules\\vercel\\node_modules\\@vercel\\static-build\\dist\\index.js:27197:11)\n    at Object.build (C:\\Users\\ADMIN\\AppData\\Roaming\\npm\\node_modules\\vercel\\node_modules\\@vercel\\static-build\\dist\\index.js:27720:11)\n    at async doBuild (C:\\Users\\ADMIN\\AppData\\Roaming\\npm\\node_modules\\vercel\\dist\\index.js:146686:27)\n    at async main2 (C:\\Users\\ADMIN\\AppData\\Roaming\\npm\\node_modules\\vercel\\dist\\index.js:146496:5)\n    at async main13 (C:\\Users\\ADMIN\\AppData\\Roaming\\npm\\node_modules\\vercel\\dist\\index.js:178529:18)",
        "message": "No Output Directory named \"build\" found after the Build completed. You can configure the Output Directory in your Project Settings.",
        "hideStackTrace": true,
        "code": "STATIC_BUILD_NO_OUT_DIR",
        "link": "https://vercel.link/missing-public-directory"
      }
    }
  ],
  "error": {
    "name": "Error",
    "stack": "Error: No Output Directory named \"build\" found after the Build completed. You can configure the Output Directory in your Project Settings.\n    at validateDistDir (C:\\Users\\ADMIN\\AppData\\Roaming\\npm\\node_modules\\vercel\\node_modules\\@vercel\\static-build\\dist\\index.js:27197:11)\n    at Object.build (C:\\Users\\ADMIN\\AppData\\Roaming\\npm\\node_modules\\vercel\\node_modules\\@vercel\\static-build\\dist\\index.js:27720:11)\n    at async doBuild (C:\\Users\\ADMIN\\AppData\\Roaming\\npm\\node_modules\\vercel\\dist\\index.js:146686:27)\n    at async main2 (C:\\Users\\ADMIN\\AppData\\Roaming\\npm\\node_modules\\vercel\\dist\\index.js:146496:5)\n    at async main13 (C:\\Users\\ADMIN\\AppData\\Roaming\\npm\\node_modules\\vercel\\dist\\index.js:178529:18)",
    "message": "No Output Directory named \"build\" found after the Build completed. You can configure the Output Directory in your Project Settings.",
    "hideStackTrace": true,
    "code": "STATIC_BUILD_NO_OUT_DIR",
    "link": "https://vercel.link/missing-public-directory"
  }
}
